[
  {
    "depth": 41.5,
    "wind_speed_mps": 0,
    "wind_direction_deg": 0,
    "current_speed_mps": 0.30948665738105774,
    "current_direction_deg": 270,
    "waves_height_m": 0.6126278042793274,
    "weekly_precip_mean": 0.2424982637166977,
    "ice_conc": null,
    "riskScore": 0.96526820626724,
    "lat": 1.25,
    "lon": 103.85000000000002,
    "timestamp": "2025-10-17T13:30:00.100Z"
  },
  {
    "depth": 30,
    "wind_speed_mps": 0,
    "wind_direction_deg": 0,
    "current_speed_mps": 0.14916881918907166,
    "current_direction_deg": 225,
    "waves_height_m": 0.6126278042793274,
    "weekly_precip_mean": 0.3574267327785492,
    "ice_conc": null,
    "riskScore": 0.9269574362888593,
    "lat": 1.0983370545834976,
    "lon": 103.69833701481403,
    "timestamp": "2025-10-17T13:30:00.542Z"
  },
  {
    "depth": 26.5,
    "wind_speed_mps": 0,
    "wind_direction_deg": 0,
    "current_speed_mps": null,
    "current_direction_deg": null,
    "waves_height_m": 0.6126278042793274,
    "weekly_precip_mean": null,
    "ice_conc": null,
    "riskScore": 0.9153640968178851,
    "lat": 0.8486879196469004,
    "lon": 103.65131210466527,
    "timestamp": "2025-10-17T13:30:01.096Z"
  },
  {
    "depth": 23.75,
    "wind_speed_mps": 0,
    "wind_direction_deg": 0,
    "current_speed_mps": 0.0831691175699234,
    "current_direction_deg": 225,
    "waves_height_m": 0.6823879480361938,
    "weekly_precip_mean": 0.3554461598396301,
    "ice_conc": null,
    "riskScore": 1.0232008611892653,
    "lat": 0.5989841566213123,
    "lon": 103.85101585663422,
    "timestamp": "2025-10-17T13:30:01.700Z"
  },
  {
    "depth": 28.25,
    "wind_speed_mps": 0,
    "wind_direction_deg": 0,
    "current_speed_mps": 0.0798807367682457,
    "current_direction_deg": 180,
    "waves_height_m": 0.6823879480361938,
    "weekly_precip_mean": 0.21393992006778717,
    "ice_conc": null,
    "riskScore": 1.022921507141682,
    "lat": 0.5000000035338872,
    "lon": 104.10094603194942,
    "timestamp": "2025-10-17T13:30:02.225Z"
  },
  {
    "depth": 74.5,
    "wind_speed_mps": 0,
    "wind_direction_deg": 0,
    "current_speed_mps": 0.08219151943922043,
    "current_direction_deg": 180,
    "waves_height_m": 0.6823879480361938,
    "weekly_precip_mean": null,
    "ice_conc": null,
    "riskScore": 1.0231166354273824,
    "lat": 0.5500000072403356,
    "lon": 104.35179302931655,
    "timestamp": "2025-10-17T13:30:02.725Z"
  },
  {
    "depth": 26.5,
    "wind_speed_mps": 0,
    "wind_direction_deg": 0,
    "current_speed_mps": 0.08756038546562195,
    "current_direction_deg": 180,
    "waves_height_m": 0.9922928214073181,
    "weekly_precip_mean": 0.16126170754432678,
    "ice_conc": null,
    "riskScore": 1.486639012811152,
    "lat": 0.5500000066509875,
    "lon": 104.6016419339758,
    "timestamp": "2025-10-17T13:30:03.175Z"
  },
  {
    "depth": 26.5,
    "wind_speed_mps": 0,
    "wind_direction_deg": 0,
    "current_speed_mps": 0.14105722308158875,
    "current_direction_deg": 180,
    "waves_height_m": 0.9922928214073181,
    "weekly_precip_mean": 0.15213057398796082,
    "ice_conc": null,
    "riskScore": 1.4930112251133725,
    "lat": 0.4498414251169063,
    "lon": 104.85015857644787,
    "timestamp": "2025-10-17T13:30:05.238Z"
  },
  {
    "depth": 63.5,
    "wind_speed_mps": 0,
    "wind_direction_deg": 0,
    "current_speed_mps": 0.18937857449054718,
    "current_direction_deg": 180,
    "waves_height_m": 0.9922928214073181,
    "weekly_precip_mean": 0.16132852435112,
    "ice_conc": null,
    "riskScore": 1.5013303685252084,
    "lat": 0.19990658972286124,
    "lon": 105.0000934106676,
    "timestamp": "2025-10-17T13:30:14.689Z"
  },
  {
    "depth": 57.5,
    "wind_speed_mps": 0,
    "wind_direction_deg": 0,
    "current_speed_mps": 0.1943732649087906,
    "current_direction_deg": 180,
    "waves_height_m": 0.9922928214073181,
    "weekly_precip_mean": 0.184077188372612,
    "ice_conc": null,
    "riskScore": 1.5023290143580326,
    "lat": -0.050372714698859185,
    "lon": 105.25,
    "timestamp": "2025-10-17T13:30:17.814Z"
  },
  {
    "depth": 30.5,
    "wind_speed_mps": 0,
    "wind_direction_deg": 0,
    "current_speed_mps": 0.18770360946655273,
    "current_direction_deg": 180,
    "waves_height_m": 0.9922928214073181,
    "weekly_precip_mean": 0.184077188372612,
    "ice_conc": null,
    "riskScore": 1.5010012940438457,
    "lat": -0.3004578539795075,
    "lon": 105.25,
    "timestamp": "2025-10-17T13:30:19.989Z"
  },
  {
    "depth": 29,
    "wind_speed_mps": 0,
    "wind_direction_deg": 0,
    "current_speed_mps": 0.18347258865833282,
    "current_direction_deg": 180,
    "waves_height_m": 0.842740535736084,
    "weekly_precip_mean": 0.1616179496049881,
    "ice_conc": null,
    "riskScore": 1.276727983104963,
    "lat": -0.550137326820741,
    "lon": 105.45013732504763,
    "timestamp": "2025-10-17T13:30:22.910Z"
  },
  {
    "depth": 27,
    "wind_speed_mps": 5.216143618956066,
    "wind_direction_deg": 135,
    "current_speed_mps": 0.17677511274814606,
    "current_direction_deg": 180,
    "waves_height_m": 0.9994306564331055,
    "weekly_precip_mean": 0.15228186547756195,
    "ice_conc": null,
    "riskScore": 1.5262778812101603,
    "lat": -0.8001393763593272,
    "lon": 105.700139373766,
    "timestamp": "2025-10-17T13:32:26.322Z"
  }
]